#run                                              hdice sig                                              | old_sharp new_sharp | old_soft new_soft
------------------------------------------------------------------------------------------------------------------------------------------------------
CamEnvDiff-v0__train_csg__1__1783544918478      0.6281 target_shape=sphere init_mode=random w_residual=1.0 feed_ipm=10.0 w_gouge=4.0 max_steps=128 |    1.0000    0.9446 |   0.1768   0.1767
CamEnvDiff-v0__train_csg__1__1783545047470      0.5714 target_shape=sphere init_mode=zlayer w_residual=1.0 feed_ipm=10.0 w_gouge=4.0 max_steps=128 |    1.0000    0.9368 |   0.1024   0.1025
CamEnvDiff-v0__train_csg__1__1783545047503      0.6434 target_shape=sphere init_mode=raster_fine_wide w_residual=1.0 feed_ipm=10.0 w_gouge=4.0 max_steps=128 |    1.0000    0.9361 |   0.1945   0.1946
CamEnvDiff-v0__train_csg__1__1783545124123      0.6413 target_shape=sphere init_mode=raster_fine w_residual=1.0 feed_ipm=10.0 w_gouge=4.0 max_steps=128 |    1.0000    0.9524 |   0.1966   0.1967
CamEnvDiff-v0__train_csg__1__1783545124139      0.6341 target_shape=sphere init_mode=spiral w_residual=1.0 feed_ipm=10.0 w_gouge=4.0 max_steps=128 |    1.0000    0.9528 |   0.2012   0.2012
CamEnvDiff-v0__train_csg__1__1783545124152      0.6537 target_shape=sphere init_mode=raster w_residual=1.0 feed_ipm=10.0 w_gouge=4.0 max_steps=128 |    1.0000    0.9398 |   0.2286   0.2287
CamEnvDiff-v0__train_csg__1__1783545124190      0.6055 target_shape=sphere init_mode=shell w_residual=1.0 feed_ipm=10.0 w_gouge=4.0 max_steps=128 |    1.0000    0.9483 |   0.1195   0.1195
CamEnvDiff-v0__train_csg__1__1783545124233      0.6111 target_shape=sphere init_mode=zlayer w_residual=1.0 feed_ipm=10.0 w_gouge=4.0 max_steps=128 |    1.0000    0.9380 |   0.1345   0.1346
CamEnvDiff-v0__train_csg__1__1783548041831      0.6002 target_shape=sphere init_mode=multidepth w_residual=1.0 multidepth_revs=12.0 feed_ipm=60.0 w_gouge=4.0 max_steps=128 |    1.0000    0.8618 |   0.1528   0.1556
CamEnvDiff-v0__train_csg__1__1783548041869      0.6002 target_shape=sphere init_mode=multidepth w_residual=1.0 multidepth_revs=12.0 feed_ipm=60.0 w_gouge=4.0 max_steps=128 |    1.0000    0.8220 |   0.1549   0.1572
CamEnvDiff-v0__train_csg__1__1783548041870      0.5763 target_shape=sphere init_mode=multidepth w_residual=1.0 multidepth_revs=12.0 feed_ipm=60.0 w_gouge=4.0 loss_shift=3.0 max_steps=128 |    1.0000    0.9585 |   0.1215   0.1217
CamEnvDiff-v0__train_csg__1__1783548041871      0.6415 target_shape=sphere init_mode=multidepth w_residual=1.0 multidepth_revs=3.0 feed_ipm=10.0 w_gouge=4.0 max_steps=128 |    1.0000    0.9432 |   0.2271   0.2270
CamEnvDiff-v0__train_csg__1__1783548041905      0.6061 target_shape=sphere init_mode=multidepth w_residual=1.0 multidepth_revs=12.0 feed_ipm=60.0 w_gouge=4.0 max_steps=128 |    1.0000    0.9009 |   0.1643   0.1664
CamEnvDiff-v0__train_csg__1__1783548041916      0.6038 target_shape=sphere init_mode=multidepth w_residual=1.0 multidepth_revs=12.0 feed_ipm=60.0 w_gouge=4.0 max_steps=128 |    1.0000    0.9027 |   0.1351   0.1369
CamEnvDiff-v0__train_csg__1__1783548041935      0.6112 target_shape=sphere init_mode=multidepth w_residual=1.0 multidepth_revs=24.0 feed_ipm=60.0 w_gouge=4.0 max_steps=128 |    1.0000    0.8062 |   0.1730   0.1734
CamEnvDiff-v0__train_csg__1__1783548041960      0.5921 target_shape=sphere init_mode=raster w_residual=1.0 multidepth_revs=3.0 feed_ipm=10.0 w_gouge=4.0 max_steps=128 |    1.0000    0.9226 |   0.1285   0.1290
CamEnvDiff-v0__train_csg__1__1783550866178      0.6207 target_shape=sphere init_mode=multidepth w_residual=3.0 multidepth_revs=12.0 feed_ipm=60.0 w_gouge=4.0 max_steps=128 |    1.0000    0.8772 |   0.1888   0.1890
CamEnvDiff-v0__train_csg__1__1783550866221      0.6143 target_shape=sphere init_mode=multidepth w_residual=1.0 multidepth_revs=24.0 feed_ipm=60.0 w_gouge=4.0 max_steps=128 |    1.0000    0.8458 |   0.1781   0.1797
CamEnvDiff-v0__train_csg__1__1783550866225      0.5969 target_shape=sphere init_mode=multidepth w_residual=1.0 multidepth_revs=12.0 feed_ipm=60.0 w_gouge=4.0 max_steps=128 |    1.0000    0.7975 |   0.1486   0.1518
CamEnvDiff-v0__train_csg__1__1783550866229      0.5964 target_shape=sphere init_mode=multidepth w_residual=1.0 multidepth_revs=12.0 feed_ipm=60.0 w_gouge=4.0 max_steps=128 |    1.0000    0.7824 |   0.1484   0.1513
CamEnvDiff-v0__train_csg__1__1783550866258      0.5994 target_shape=sphere init_mode=multidepth w_residual=1.0 multidepth_revs=12.0 feed_ipm=60.0 w_gouge=4.0 max_steps=128 |    1.0000    0.9067 |   0.1541   0.1566
CamEnvDiff-v0__train_csg__1__1783550866280      0.5948 target_shape=sphere init_mode=multidepth w_residual=1.0 multidepth_revs=12.0 feed_ipm=60.0 w_gouge=4.0 max_steps=128 |    1.0000    0.8027 |   0.1476   0.1502
CamEnvDiff-v0__train_csg__1__1783550866335      0.6184 target_shape=sphere init_mode=multidepth w_residual=3.0 multidepth_revs=12.0 feed_ipm=60.0 w_gouge=4.0 max_steps=128 |    1.0000    0.9060 |   0.1854   0.1854
CamEnvDiff-v0__train_csg__1__1783550866341      0.5964 target_shape=sphere init_mode=multidepth w_residual=1.0 multidepth_revs=12.0 feed_ipm=60.0 w_gouge=4.0 max_steps=128 |    1.0000    0.7989 |   0.1492   0.1520
CamEnvDiff-v0__train_csg__1__1783553721958      0.6022 target_shape=sphere init_mode=multidepth w_residual=5.0 multidepth_revs=12.0 feed_ipm=60.0 w_gouge=4.0 loss_shift=2.0 max_steps=128 |    1.0000    0.9218 |   0.1583   0.1584
CamEnvDiff-v0__train_csg__1__1783553721962      0.6127 target_shape=sphere init_mode=multidepth w_residual=5.0 multidepth_revs=12.0 feed_ipm=60.0 w_gouge=8.0 max_steps=128 |    1.0000    0.9036 |   0.1743   0.1743
CamEnvDiff-v0__train_csg__1__1783553721971      0.6365 target_shape=sphere init_mode=multidepth w_residual=5.0 multidepth_revs=12.0 feed_ipm=60.0 w_gouge=4.0 max_steps=128 |    1.0000    0.9021 |   0.2096   0.2096
CamEnvDiff-v0__train_csg__1__1783553721972      0.6293 target_shape=sphere init_mode=multidepth w_residual=10.0 multidepth_revs=12.0 feed_ipm=60.0 w_gouge=4.0 max_steps=128 |    1.0000    0.9397 |   0.0812   0.0810
CamEnvDiff-v0__train_csg__1__1783553722006      0.6238 target_shape=sphere init_mode=multidepth w_residual=3.0 multidepth_revs=12.0 feed_ipm=60.0 w_gouge=4.0 max_steps=128 |    1.0000    0.7781 |   0.1931   0.1946
CamEnvDiff-v0__train_csg__1__1783553722012      0.7574 target_shape=cylinder init_mode=multidepth w_residual=3.0 multidepth_revs=12.0 feed_ipm=60.0 w_gouge=4.0 max_steps=128 |    1.0000    0.8515 |   0.1278   0.1279
CamEnvDiff-v0__train_csg__1__1783553722032      0.7361 target_shape=cylinder init_mode=random w_residual=1.0 multidepth_revs=3.0 feed_ipm=10.0 w_gouge=4.0 max_steps=128 |    1.0000    0.9589 |   0.0939   0.0941
CamEnvDiff-v0__train_csg__1__1783553722035      0.6353 target_shape=sphere init_mode=multidepth w_residual=3.0 multidepth_revs=24.0 feed_ipm=60.0 w_gouge=4.0 max_steps=128 |    1.0000    0.9149 |   0.2105   0.2117
